Workbook
Name angka: #REF!

Sheet Kelas X
D2: DAFTAR NAMA SISWA - SISWI
D3: SMA A. WAHID HASYIM TEBUIRENG JOMBANG
D4: TAHUN PELAJARAN : 2026- 2027
D5: KELAS : X .1 | F5: Wali Kelas : LIHAM HASAN AL MUJAB, S.H
B6: NOMOR | D6: NAMA | E6: L/P
B7: Urut | C7: N I S
B8: 1 | C8: 16383 | D8: ADYPATI NUZHA PUTRA SAFII | E8: L
B9: 2 | C9: 16384 | D9: ALI AMIRUDIN CAHYO | E9: L
B10: 3 | C10: 16385 | D10: ANTASENA BANI NATAATMAJA | E10: L
B11: 4 | C11: 16386 | D11: ARIF HIDAYAT | E11: L
B12: 5 | C12: 16387 | D12: ARIO ABDILLAH MAZHAZ | E12: L
B13: 6 | C13: 16388 | D13: BIMA ARYASENO AR-RASYID | E13: L
B14: 7 | C14: 16389 | D14: DIMAS SAPUTRA | E14: L
B15: 8 | C15: 16390 | D15: FAITH AZARIA AZFA | E15: L
B16: 9 | C16: 16391 | D16: IBRAHIM AINUN M | E16: L
B17: 10 | C17: 16392 | D17: ISNAREJA TURZAITA ZAIN | E17: L
B18: 11 | C18: 16393 | D18: MAHBUB HAYATULLOH NIDZOMI | E18: L
B19: 12 | C19: 16394 | D19: MOCH HALIM HILMI | E19: L
... B34: 27 | C34: 16409 | D34: RASYA ALDIMAN | E34: L
B35: 28 | E35: L
B36: 29 | E36: L
B37: 30 | E37: L
B38: 31 | E38: L
B39: 32 | E39: L
B40: 33 | E40: L
B41: 34 | E41: L
B42: 35 | E42: L
B43: 36 | E43: L
B44: 37 | E44: L
B45: 38 | E45: L
B46: 39 | E46: L
... B48: 41 | E48: L
D51: DAFTAR NAMA SISWA - SISWI
D52: SMA A. WAHID HASYIM TEBUIRENG JOMBANG
D53: TAHUN PELAJARAN : 2026- 2027
D54: KELAS : X. 2 | F54: Wali Kelas : ODIK TUGI HARTONO, S.Pd
B55: NOMOR | D55: NAMA | E55: L/P
B56: Urut | C56: N I S
B57: 1 | C57: 16410 | D57: AHMAD AZAM NUR ZIDAN | E57: L
B58: 2 | C58: 16411 | D58: AHMAD DAFA MAULANA | E58: L
B59: 3 | C59: 16412 | D59: ALEANDRO ILHAM RAMADHAN | E59: L
B60: 4 | C60: 16413 | D60: AULIA RACHMAN | E60: L
B61: 5 | C61: 16414 | D61: BIMA SYEHKA ZAELANI | E61: L
B62: 6 | C62: 16415 | D62: EVAN DESTHA SAPUTRA | E62: L
B63: 7 | C63: 16416 | D63: FAQIH ARSYAD | E63: L
B64: 8 | C64: 16417 | D64: FARID AHMAD SATRIA TAMA | E64: L
B65: 9 | C65: 16418 | D65: FELIX NABIHA RASHAD | E65: L
B66: 10 | C66: 16419 | D66: HABIB HIDAYATULLAH | E66: L
B67: 11 | C67: 16420 | D67: IHTISHAM IZAZ NAZMI | E67: L
B68: 12 | C68: 16421 | D68: KUMARA FIRJATULLAH MAHARDIKA | E68: L
... B81: 25 | C81: 16434 | D81: ROBETH FATIH EL NOFAT | E81: L
B82: 26 | E82: L
B83: 27 | E83: L
B84: 28 | E84: L
B85: 29 | E85: L
B86: 30 | E86: L
B87: 31 | E87: L
B88: 32 | E88: L
B89: 33 | E89: L
B90: 34 | E90: L
B91: 35 | E91: L
B92: 36 | E92: L
B93: 37 | E93: L
... B96: 40 | E96: L
D99: DAFTAR NAMA SISWA - SISWI
D100: SMA A. WAHID HASYIM TEBUIRENG JOMBANG
D101: TAHUN PELAJARAN : 2026- 2027
D102: KELAS : X . 3 | F102: Wali Kelas : MUHAMMAD ANSORI, M.PdI
B103: NOMOR | D103: NAMA | E103: L/P
B104: Urut | C104: N I S
B105: 1 | C105: 16435 | D105: ACHMAD FAQI NUR FADLI | E105: L
B106: =B105+1 -> 2 | C106: 16436 | D106: AFFAN ARDANA NAZARADILA | E106: L
B107: =B106+1 -> 3 | C107: 16437 | D107: AHMAD AZZAM MINANUROHMAN | E107: L
B108: =B107+1 -> 4 | C108: 16438 | D108: AHMAD HABIBUR ROHMAN ANWARY | E108: L
B109: =B108+1 -> 5 | C109: 16439 | D109: APRIAN SAFWAN AFFANDI | E109: L
B110: =B109+1 -> 6 | C110: 16440 | D110: ARSAKHA AQILA HADI | E110: L
B111: =B110+1 -> 7 | C111: 16441 | D111: FAZA ABDUH HAIKAL | E111: L
B112: =B111+1 -> 8 | C112: 16442 | D112: M. FATAN SAID | E112: L
B113: =B112+1 -> 9 | C113: 16443 | D113: MAKHIN MUKTI | E113: L
B114: =B113+1 -> 10 | C114: 16444 | D114: MAS FAHAD MAULANA ALKAUTSARI | E114: L
B115: =B114+1 -> 11 | C115: 16445 | D115: MOCHAMMAD RIDHO KUSBIANTORO | E115: L
B116: =B115+1 -> 12 | C116: 16446 | D116: MUHAMAD FAHRI NURJAMAN | E116: L
B117: =B116+1 -> 13 | C117: 16447 | D117: MUHAMMAD BUDI MULYA ARI SUJAYA | E117: L
... B129: =B128+1 -> 25 | C129: 16459 | D129: SHAFIY SHADIQ | E129: L
B130: =B129+1 -> 26 | E130: L
B131: =B130+1 -> 27 | E131: L
B132: =B131+1 -> 28 | E132: L
B133: =B132+1 -> 29 | E133: L
B134: =B133+1 -> 30 | E134: L
B135: =B134+1 -> 31 | E135: L
B136: =B135+1 -> 32 | E136: L
B137: =B136+1 -> 33 | E137: L
B138: =B137+1 -> 34 | E138: L
B139: =B138+1 -> 35 | E139: L
B140: =B139+1 -> 36 | E140: L
B141: =B140+1 -> 37 | E141: L
... B143: =B142+1 -> 39 | E143: L
B144: 40
D147: DAFTAR NAMA SISWA - SISWI
D148: SMA A. WAHID HASYIM TEBUIRENG JOMBANG
...

Sheet Absen Piket X
D2: DAFTAR NAMA SISWA - SISWI
D3: SMA A. WAHID HASYIM TEBUIRENG JOMBANG
D4: TAHUN PELAJARAN : 2026- 2027
D6: KELAS : X . 1 | E6: Bulan : __________________________ | S6: Wali Kelas : | U6: LIHAM HASAN AL MUJAB, S.H
B7: NOMOR | D7: NAMA | E7: TANGGAL
B8: URUT | C8: N I S | E8: 17 | G8: =E8+1 -> 18 | I8: =G8+1 -> 19 | K8: =I8+1 -> 20 | M8: =K8+1 -> 21 | O8: =M8+1 -> 22 | Q8: =O8+1 -> 23 | S8: =Q8+1 -> 24 | U8: =S8+1 -> 25 | W8: =U8+1 -> 26 | Y8: =W8+1 -> 27 | AA8: =Y8+1 -> 28 | AC8: =AA8+1 -> 29 | AE8: =AC8+1 -> 30 | AG8: =AE8+1 -> 31 | AI8: =AG8+1 -> 32
E9: jam ke 1 | F9: jam ke 5 | G9: jam ke 1 | H9: jam ke 5 | I9: jam ke 1 | J9: jam ke 5 | K9: jam ke 1 | L9: jam ke 5 | M9: jam ke 1 | N9: jam ke 5 | O9: jam ke 1 | P9: jam ke 5 | Q9: jam ke 1 | R9: jam ke 5 | S9: jam ke 1 | T9: jam ke 5 | U9: jam ke 1 | V9: jam ke 5 | W9: jam ke 1 | X9: jam ke 5 | Y9: jam ke 1 | Z9: jam ke 5 | AA9: jam ke 1 | AB9: jam ke 5 | AC9: jam ke 1 | AD9: jam ke 5 | AE9: jam ke 1 | AF9: jam ke 5 | AG9: jam ke 1 | AH9: jam ke 5 | AI9: jam ke 1 | AJ9: jam ke 5
B10: 1 | C10: ='Kelas X'!C8 -> 16383 | D10: ='Kelas X'!D8 -> ADYPATI NUZHA PUTRA SAFII
B11: =B10+1 -> 2 | C11: ='Kelas X'!C9 -> 16384 | D11: ='Kelas X'!D9 -> ALI AMIRUDIN CAHYO
B12: =B11+1 -> 3 | C12: ='Kelas X'!C10 -> 16385 | D12: ='Kelas X'!D10 -> ANTASENA BANI NATAATMAJA
B13: =B12+1 -> 4 | C13: ='Kelas X'!C11 -> 16386 | D13: ='Kelas X'!D11 -> ARIF HIDAYAT
B14: =B13+1 -> 5 | C14: ='Kelas X'!C12 -> 16387 | D14: ='Kelas X'!D12 -> ARIO ABDILLAH MAZHAZ
B15: =B14+1 -> 6 | C15: ='Kelas X'!C13 -> 16388 | D15: ='Kelas X'!D13 -> BIMA ARYASENO AR-RASYID
B16: =B15+1 -> 7 | C16: ='Kelas X'!C14 -> 16389 | D16: ='Kelas X'!D14 -> DIMAS SAPUTRA
B17: =B16+1 -> 8 | C17: ='Kelas X'!C15 -> 16390 | D17: ='Kelas X'!D15 -> FAITH AZARIA AZFA
B18: =B17+1 -> 9 | C18: ='Kelas X'!C16 -> 16391 | D18: ='Kelas X'!D16 -> IBRAHIM AINUN M
B19: =B18+1 -> 10 | C19: ='Kelas X'!C17 -> 16392 | D19: ='Kelas X'!D17 -> ISNAREJA TURZAITA ZAIN
B20: =B19+1 -> 11 | C20: ='Kelas X'!C18 -> 16393 | D20: ='Kelas X'!D18 -> MAHBUB HAYATULLOH NIDZOMI
B21: =B20+1 -> 12 | C21: ='Kelas X'!C19 -> 16394 | D21: ='Kelas X'!D19 -> MOCH HALIM HILMI
B22: =B21+1 -> 13 | C22: ='Kelas X'!C20 -> 16395 | D22: ='Kelas X'!D20 -> MOCHAMAD VICKY AL FARIZI
... B49: =B48+1 -> 40 | C49: ='Kelas X'!C47 -> 0 | D49: ='Kelas X'!D47 -> 0
B50: =B49+1 -> 41
D53: DAFTAR NAMA SISWA - SISWI
D54: SMA A. WAHID HASYIM TEBUIRENG JOMBANG
D55: TAHUN PELAJARAN : 2026- 2027
D57: KELAS : X. 2 | E57: Bulan : __________________________ | S57: Wali Kelas : | U57: ODIK TUGI HARTONO, S.Pd
B58: NOMOR | D58: NAMA | E58: TANGGAL
B59: URUT | C59: N I S | E59: =E8 -> 17 | G59: =E59+1 -> 18 | I59: =G59+1 -> 19 | K59: =I59+1 -> 20 | M59: =K59+1 -> 21 | O59: =M59+1 -> 22 | Q59: =O59+1 -> 23 | S59: =Q59+1 -> 24 | U59: =S59+1 -> 25 | W59: =U59+1 -> 26 | Y59: =W59+1 -> 27 | AA59: =Y59+1 -> 28 | AC59: =AA59+1 -> 29 | AE59: =AC59+1 -> 30 | AG59: =AE59+1 -> 31 | AI59: =AG59+1 -> 32
E60: jam ke 1 | F60: jam ke 5 | G60: jam ke 1 | H60: jam ke 5 | I60: jam ke 1 | J60: jam ke 5 | K60: jam ke 1 | L60: jam ke 5 | M60: jam ke 1 | N60: jam ke 5 | O60: jam ke 1 | P60: jam ke 5 | Q60: jam ke 1 | R60: jam ke 5 | S60: jam ke 1 | T60: jam ke 5 | U60: jam ke 1 | V60: jam ke 5 | W60: jam ke 1 | X60: jam ke 5 | Y60: jam ke 1 | Z60: jam ke 5 | AA60: jam ke 1 | AB60: jam ke 5 | AC60: jam ke 1 | AD60: jam ke 5 | AE60: jam ke 1 | AF60: jam ke 5 | AG60: jam ke 1 | AH60: jam ke 5 | AI60: jam ke 1 | AJ60: jam ke 5
B61: 1 | C61: ='Kelas X'!C57 -> 16410 | D61: ='Kelas X'!D57 -> AHMAD AZAM NUR ZIDAN
B62: =B61+1 -> 2 | C62: ='Kelas X'!C58 -> 16411 | D62: ='Kelas X'!D58 -> AHMAD DAFA MAULANA
B63: =B62+1 -> 3 | C63: ='Kelas X'!C59 -> 16412 | D63: ='Kelas X'!D59 -> ALEANDRO ILHAM RAMADHAN
B64: =B63+1 -> 4 | C64: ='Kelas X'!C60 -> 16413 | D64: ='Kelas X'!D60 -> AULIA RACHMAN
B65: =B64+1 -> 5 | C65: ='Kelas X'!C61 -> 16414 | D65: ='Kelas X'!D61 -> BIMA SYEHKA ZAELANI
B66: =B65+1 -> 6 | C66: ='Kelas X'!C62 -> 16415 | D66: ='Kelas X'!D62 -> EVAN DESTHA SAPUTRA
B67: =B66+1 -> 7 | C67: ='Kelas X'!C63 -> 16416 | D67: ='Kelas X'!D63 -> FAQIH ARSYAD
B68: =B67+1 -> 8 | C68: ='Kelas X'!C64 -> 16417 | D68: ='Kelas X'!D64 -> FARID AHMAD SATRIA TAMA
B69: =B68+1 -> 9 | C69: ='Kelas X'!C65 -> 16418 | D69: ='Kelas X'!D65 -> FELIX NABIHA RASHAD
B70: =B69+1 -> 10 | C70: ='Kelas X'!C66 -> 16419 | D70: ='Kelas X'!D66 -> HABIB HIDAYATULLAH
B71: =B70+1 -> 11 | C71: ='Kelas X'!C67 -> 16420 | D71: ='Kelas X'!D67 -> IHTISHAM IZAZ NAZMI
B72: =B71+1 -> 12 | C72: ='Kelas X'!C68 -> 16421 | D72: ='Kelas X'!D68 -> KUMARA FIRJATULLAH MAHARDIKA
B73: =B72+1 -> 13 | C73: ='Kelas X'!C69 -> 16422 | D73: ='Kelas X'!D69 -> M. AL AFHANTS SYIRIL WAFA
... B99: =B98+1 -> 39 | C99: ='Kelas X'!C95 -> 0 | D99: ='Kelas X'!D95 -> 0
B100: =B99+1 -> 40
D103: DAFTAR NAMA SISWA - SISWI
D104: SMA A. WAHID HASYIM TEBUIRENG JOMBANG
D105: TAHUN PELAJARAN : 2026- 2027
D107: KELAS : X. 3 | E107: Bulan : __________________________ | S107: Wali Kelas : | U107: MUHAMMAD ANSORI, M.PdI
B108: NOMOR | D108: NAMA | E108: TANGGAL
B109: URUT | C109: N I S | E109: =E8 -> 17 | G109: =E109+1 -> 18 | I109: =G109+1 -> 19 | K109: =I109+1 -> 20 | M109: =K109+1 -> 21 | O109: =M109+1 -> 22 | Q109: =O109+1 -> 23 | S109: =Q109+1 -> 24 | U109: =S109+1 -> 25 | W109: =U109+1 -> 26 | Y109: =W109+1 -> 27 | AA109: =Y109+1 -> 28 | AC109: =AA109+1 -> 29 | AE109: =AC109+1 -> 30 | AG109: =AE109+1 -> 31 | AI109: =AG109+1 -> 32
E110: jam ke 1 | F110: jam ke 5 | G110: jam ke 1 | H110: jam ke 5 | I110: jam ke 1 | J110: jam ke 5 | K110: jam ke 1 | L110: jam ke 5 | M110: jam ke 1 | N110: jam ke 5 | O110: jam ke 1 | P110: jam ke 5 | Q110: jam ke 1 | R110: jam ke 5 | S110: jam ke 1 | T110: jam ke 5 | U110: jam ke 1 | V110: jam ke 5 | W110: jam ke 1 | X110: jam ke 5 | Y110: jam ke 1 | Z110: jam ke 5 | AA110: jam ke 1 | AB110: jam ke 5 | AC110: jam ke 1 | AD110: jam ke 5 | AE110: jam ke 1 | AF110: jam ke 5 | AG110: jam ke 1 | AH110: jam ke 5 | AI110: jam ke 1 | AJ110: jam ke 5
B111: 1 | C111: ='Kelas X'!C105 -> 16435 | D111: ='Kelas X'!D105 -> ACHMAD FAQI NUR FADLI
B112: =B111+1 -> 2 | C112: ='Kelas X'!C106 -> 16436 | D112: ='Kelas X'!D106 -> AFFAN ARDANA NAZARADILA
B113: =B112+1 -> 3 | C113: ='Kelas X'!C107 -> 16437 | D113: ='Kelas X'!D107 -> AHMAD AZZAM MINANUROHMAN
B114: =B113+1 -> 4 | C114: ='Kelas X'!C108 -> 16438 | D114: ='Kelas X'!D108 -> AHMAD HABIBUR ROHMAN ANWARY
B115: =B114+1 -> 5 | C115: ='Kelas X'!C109 -> 16439 | D115: ='Kelas X'!D109 -> APRIAN SAFWAN AFFANDI
B116: =B115+1 -> 6 | C116: ='Kelas X'!C110 -> 16440 | D116: ='Kelas X'!D110 -> ARSAKHA AQILA HADI
B117: =B116+1 -> 7 | C117: ='Kelas X'!C111 -> 16441 | D117: ='Kelas X'!D111 -> FAZA ABDUH HAIKAL
B118: =B117+1 -> 8 | C118: ='Kelas X'!C112 -> 16442 | D118: ='Kelas X'!D112 -> M. FATAN SAID
B119: =B118+1 -> 9 | C119: ='Kelas X'!C113 -> 16443 | D119: ='Kelas X'!D113 -> MAKHIN MUKTI
B120: =B119+1 -> 10 | C120: ='Kelas X'!C114 -> 16444 | D120: ='Kelas X'!D114 -> MAS FAHAD MAULANA ALKAUTSARI
B121: =B120+1 -> 11 | C121: ='Kelas X'!C115 -> 16445 | D121: ='Kelas X'!D115 -> MOCHAMMAD RIDHO KUSBIANTORO
B122: =B121+1 -> 12 | C122: ='Kelas X'!C116 -> 16446 | D122: ='Kelas X'!D116 -> MUHAMAD FAHRI NURJAMAN
B123: =B122+1 -> 13 | C123: ='Kelas X'!C117 -> 16447 | D123: ='Kelas X'!D117 -> MUHAMMAD BUDI MULYA ARI SUJAYA
... B149: =B148+1 -> 39 | C149: ='Kelas X'!C143 -> 0 | D149: ='Kelas X'!D143 -> 0
B150: 40
D153: DAFTAR NAMA SISWA - SISWI
D154: SMA A. WAHID HASYIM TEBUIRENG JOMBANG
D155: TAHUN PELAJARAN : 2026- 2027
D157: KELAS : X . 4 | E157: Bulan : __________________________ | S157: Wali Kelas : | U157: YOGI MAULANA FERDIANSYAH, S.Pd
B158: NOMOR | D158: NAMA | E158: TANGGAL
B159: URUT | C159: N I S | E159: =E8 -> 17 | G159: =E159+1 -> 18 | I159: =G159+1 -> 19 | K159: =I159+1 -> 20 | M159: =K159+1 -> 21 | O159: =M159+1 -> 22 | Q159: =O159+1 -> 23 | S159: =Q159+1 -> 24 | U159: =S159+1 -> 25 | W159: =U159+1 -> 26 | Y159: =W159+1 -> 27 | AA159: =Y159+1 -> 28 | AC159: =AA159+1 -> 29 | AE159: =AC159+1 -> 30 | AG159: =AE159+1 -> 31 | AI159: =AG159+1 -> 32
E160: jam ke 1 | F160: jam ke 5 | G160: jam ke 1 | H160: jam ke 5 | I160: jam ke 1 | J160: jam ke 5 | K160: jam ke 1 | L160: jam ke 5 | M160: jam ke 1 | N160: jam ke 5 | O160: jam ke 1 | P160: jam ke 5 | Q160: jam ke 1 | R160: jam ke 5 | S160: jam ke 1 | T160: jam ke 5 | U160: jam ke 1 | V160: jam ke 5 | W160: jam ke 1 | X160: jam ke 5 | Y160: jam ke 1 | Z160: jam ke 5 | AA160: jam ke 1 | AB160: jam ke 5 | AC160: jam ke 1 | AD160: jam ke 5 | AE160: jam ke 1 | AF160: jam ke 5 | AG160: jam ke 1 | AH160: jam ke 5 | AI160: jam ke 1 | AJ160: jam ke 5
B161: 1 | C161: ='Kelas X'!C153 -> 16460 | D161: ='Kelas X'!D153 -> ACHMAD SAHAL FAWA'ID
B162: =B161+1 -> 2 | C162: ='Kelas X'!C154 -> 16461 | D162: ='Kelas X'!D154 -> ADAM RAUF NURDIANSYAH
B163: =B162+1 -> 3 | C163: ='Kelas X'!C155 -> 16462 | D163: ='Kelas X'!D155 -> AHMAD HAMIM JAZULI
B164: =B163+1 -> 4 | C164: ='Kelas X'!C156 -> 16463 | D164: ='Kelas X'!D156 -> ALVIETO ARYA GUNAWAN
B165: =B164+1 -> 5 | C165: ='Kelas X'!C157 -> 16464 | D165: ='Kelas X'!D157 -> BALYA QARIM PUTRA UTOMO
B166: =B165+1 -> 6 | C166: ='Kelas X'!C158 -> 16465 | D166: ='Kelas X'!D158 -> DANIAL MASYISY ANSHORI
B167: =B166+1 -> 7 | C167: ='Kelas X'!C159 -> 16466 | D167: ='Kelas X'!D159 -> FADLI FERIZQO ZAMZAMY
B168: =B167+1 -> 8 | C168: ='Kelas X'!C160 -> 16467 | D168: ='Kelas X'!D160 -> FAIZA RIDO RUSLANI
B169: =B168+1 -> 9 | C169: ='Kelas X'!C161 -> 16468 | D169: ='Kelas X'!D161 -> M.ZAKKY NUR AL BAIHAQI
B170: =B169+1 -> 10 | C170: ='Kelas X'!C162 -> 16469 | D170: ='Kelas X'!D162 -> MAHMOUD AHMADINEJAD
B171: =B170+1 -> 11 | C171: ='Kelas X'!C163 -> 16470 | D171: ='Kelas X'!D163 -> MOH. DANISWARA MAHFUDZ AT-TIRMIDZI
B172: =B171+1 -> 12 | C172: ='Kelas X'!C164 -> 16471 | D172: ='Kelas X'!D164 -> MUHAMAD FAUZI MUBAROK
B173: =B172+1 -> 13 | C173: ='Kelas X'!C165 -> 16472 | D173: ='Kelas X'!D165 -> MUHAMAD IRSYAD FANANI
... B199: =B198+1 -> 39 | C199: ='Kelas X'!C191 -> 0 | D199: ='Kelas X'!D191 -> 0
B200: =B199+1 -> 40
D203: DAFTAR NAMA SISWA - SISWI
D204: SMA A. WAHID HASYIM TEBUIRENG JOMBANG
D205: TAHUN PELAJARAN : 2026- 2027
D207: KELAS : X .5 | E207: Bulan : __________________________ | S207: Wali Kelas : | U207: ACHMAD QONI' ALI CHAFID, S.Pd
B208: NOMOR | D208: NAMA | E208: TANGGAL
B209: URUT | C209: N I S | E209: =E8 -> 17 | G209: =E209+1 -> 18 | I209: =G209+1 -> 19 | K209: =I209+1 -> 20 | M209: =K209+1 -> 21 | O209: =M209+1 -> 22 | Q209: =O209+1 -> 23 | S209: =Q209+1 -> 24 | U209: =S209+1 -> 25 | W209: =U209+1 -> 26 | Y209: =W209+1 -> 27 | AA209: =Y209+1 -> 28 | AC209: =AA209+1 -> 29 | AE209: =AC209+1 -> 30 | AG209: =AE209+1 -> 31 | AI209: =AG209+1 -> 32
E210: jam ke 1 | F210: jam ke 5 | G210: jam ke 1 | H210: jam ke 5 | I210: jam ke 1 | J210: jam ke 5 | K210: jam ke 1 | L210: jam ke 5 | M210: jam ke 1 | N210: jam ke 5 | O210: jam ke 1 | P210: jam ke 5 | Q210: jam ke 1 | R210: jam ke 5 | S210: jam ke 1 | T210: jam ke 5 | U210: jam ke 1 | V210: jam ke 5 | W210: jam ke 1 | X210: jam ke 5 | Y210: jam ke 1 | Z210: jam ke 5 | AA210: jam ke 1 | AB210: jam ke 5 | AC210: jam ke 1 | AD210: jam ke 5 | AE210: jam ke 1 | AF210: jam ke 5 | AG210: jam ke 1 | AH210: jam ke 5 | AI210: jam ke 1 | AJ210: jam ke 5
B211: 1 | C211: ='Kelas X'!C201 -> 16487 | D211: ='Kelas X'!D201 -> AGATHA HASYA AQILAH
B212: =B211+1 -> 2 | C212: ='Kelas X'!C202 -> 16488 | D212: ='Kelas X'!D202 -> AISYA LIYANA ZAHIRA
B213: =B212+1 -> 3 | C213: ='Kelas X'!C203 -> 16489 | D213: ='Kelas X'!D203 -> ANIS MUTHOHAROH
B214: =B213+1 -> 4 | C214: ='Kelas X'!C204 -> 16490 | D214: ='Kelas X'!D204 -> ASHIFATUL ULYA
B215: =B214+1 -> 5 | C215: ='Kelas X'!C205 -> 16491 | D215: ='Kelas X'!D205 -> AWALIAH NUR FATONAH HERMAWAN RUMONIN
...

Sheet Kelas XI
D2: DAFTAR NAMA SISWA - SISWI
D3: SMA A. WAHID HASYIM TEBUIRENG JOMBANG
D4: TAHUN PELAJARAN : 2026- 2027
D5: KELAS : XI .1 | F5: Wali Kelas : YULI KHARISMA DZATI, S.Pd
B6: NOMOR | D6: NAMA | E6: L/P
B7: Urut | C7: N I S
B8: 1 | C8: 16223 | D8: ACHMAD ASYAM HABIBIE PRAKOSO | E8: L
B9: 2 | C9: 16188 | D9: ADITYA ARTHA TRIHUTAMA | E9: L
B10: 3 | C10: 16118 | D10: ADNAN ABIYYU WAJDI | E10: L
B11: 4 | C11: 16189 | D11: AGATHA HARIS SINATHRIA | E11: L
B12: 5 | C12: 16081 | D12: AHMAD WILDAN NUGROHO | E12: L
B13: 6 | C13: 16120 | D13: ALVINNATA SATRIANO | E13: L
B14: 7 | C14: 16086 | D14: AQIL AZZAH | E14: L
B15: 8 | C15: 16087 | D15: ASKAR ADELARD PATU CAHYONO | E15: L
B16: 9 | C16: 16191 | D16: ATHAYA FAJRUL FALAH WITJAKSONO | E16: L
B17: 10 | C17: 16155 | D17: ATMADJA HIBRIZI MUHAMMAD | E17: L
B18: 11 | C18: 16128 | D18: DHOVY HUSYAIN ABDILLAH AL BURHANY | E18: L
B19: 12 | C19: 16158 | D19: DJIO ARNANDO PRATAMA | E19: L
... B41: 34 | C41: 16258 | D41: WILDAN MAULANA | E41: L
B42: 35 | E42: L
B43: 36 | E43: L
B44: 37 | E44: L
B45: 38 | E45: L
B46: 39 | E46: L
B47: 40 | E47: L
B48: 41 | E48: L
D51: DAFTAR NAMA SISWA - SISWI
D52: SMA A. WAHID HASYIM TEBUIRENG JOMBANG
D53: TAHUN PELAJARAN : 2026- 2027
D54: KELAS : XI . 2 | F54: Wali Kelas : EVITRI SUTANTI, S.Si
B55: NOMOR | D55: NAMA | E55: L/P
B56: Urut | C56: N I S
B57: 1 | C57: 16116 | D57: ACHMAD AL AQWAL FEBRIANO NAJJARSYAH | E57: L
B58: 2 | C58: 16117 | D58: ADHWA ENDORA | E58: L
B59: 3 | C59: 16079 | D59: AHMAD DAIROBI | E59: L
B60: 4 | C60: 16224 | D60: AHMAD FAQIH MUHAJIR | E60: L
B61: 5 | C61: 16153 | D61: AHMAD KHOIRUN ALI NABIL | E61: L
B62: 6 | C62: 16082 | D62: AL MULTAZAM YAHYA MUNDHORY | E62: L
B63: 7 | C63: 16154 | D63: ARYO IMRON FAROQ | E63: L
B64: 8 | C64: 16382 | D64: AYDIN ABQARI IKHSAN | E64: L
B65: 9 | C65: 16125 | D65: BAGAS KAMIL KHAIRAN | E65: L
B66: 10 | C66: 16156 | D66: DERAHID TRI WICAKSONO | E66: L
B67: 11 | C67: 16129 | D67: DIMAS FAHDIANSYAH | E67: L
B68: 12 | C68: 16159 | D68: FAIZAL AINURROFIQ 'IRFANY | E68: L
... B90: 34 | C90: 16219 | D90: RIDHO NATA JAGAD | E90: L
B91: 35 | E91: L
B92: 36 | E92: L
B93: 37 | E93: L
B94: 38 | E94: L
B95: 39 | E95: L
B96: 40 | E96: L
D99: DAFTAR NAMA SISWA - SISWI
D100: SMA A. WAHID HASYIM TEBUIRENG JOMBANG
D101: TAHUN PELAJARAN : 2026- 2027
D102: KELAS : XI . 3 | F102: Wali Kelas : EVA DESSY PINASTI, S. Si
B103: NOMOR | D103: NAMA | E103: L/P
B104: Urut | C104: N I S
B105: 1 | C105: 16115 | D105: ABDUL KARIM KHISANI | E105: L
B106: =B105+1 -> 2 | C106: 16151 | D106: ACHMAD CHARIRI FAZALMUTTAQI | E106: L
B107: =B106+1 -> 3 | C107: 16084 | D107: ANANDA RISCO RAMADANI | E107: L
B108: =B107+1 -> 4 | C108: 16085 | D108: ANDANA ATTARIKSA | E108: L
B109: =B108+1 -> 5 | C109: 16123 | D109: AUFAA RAKHA BAGUS PUTRA ERWANTO | E109: L
B110: =B109+1 -> 6 | C110: 16229 | D110: BIMA ABDUL ROZAK | E110: L
B111: =B110+1 -> 7 | C111: 16192 | D111: BINTANG ARYA PUDANA | E111: L
B112: =B111+1 -> 8 | C112: 16193 | D112: DANISWARA WISHNU HANANIA | E112: L
B113: =B112+1 -> 9 | C113: 16195 | D113: EKA BAYU WICAKSONO | E113: L
B114: =B113+1 -> 10 | C114: 16088 | D114: FAIZ MUFLIHUL KHAIR | E114: L
B115: =B114+1 -> 11 | C115: 16092 | D115: FATHAHILLAH KHOLIQ FURQANI | E115: L
B116: =B115+1 -> 12 | C116: 16165 | D116: GITO NUGROHO | E116: L
B117: =B116+1 -> 13 | C117: 16197 | D117: HAFIZ WIJAYA RAHADIAN | E117: L
... B130: =B129+1 -> 26 | C130: 16184 | D130: TUBAGUS AHMAD MUAYYAD MIFTAH | E130: L
B131: =B130+1 -> 27 | E131: L
B132: =B131+1 -> 28 | E132: L
B133: =B132+1 -> 29 | E133: L
B134: =B133+1 -> 30 | E134: L
B135: =B134+1 -> 31 | E135: L
B136: =B135+1 -> 32 | E136: L
B137: =B136+1 -> 33 | E137: L
B138: =B137+1 -> 34 | E138: L
B139: =B138+1 -> 35 | E139: L
B140: =B139+1 -> 36 | E140: L
B141: =B140+1 -> 37 | E141: L
B142: =B141+1 -> 38 | E142: L
B143: =B142+1 -> 39 | E143: L
B144: 40
D147: DAFTAR NAMA SISWA - SISWI
D148: SMA A. WAHID HASYIM TEBUIRENG JOMBANG
D149: TAHUN PELAJARAN : 2026- 2027
D150: KELAS : XI . 4 | F150: Wali Kelas : DWI INDAH LESTARI, S.Pd
B151: NOMOR | D151: NAMA | E151: L/P
B152: Urut | C152: N I S
B153: 1 | C153: 16187 | D153: ACHMAD SYAUQIH RACHMAN | E153: L
B154: 2 | C154: 16226 | D154: AJSADAFAARO SANTOSO | E154: L
B155: =B154+1 -> 3 | C155: 16119 | D155: ALPHARD ATHA ANDHIKA | E155: L
B156: =B155+1 -> 4 | C156: 16126 | D156: BAYU ARDIYATA PRATAMA | E156: L
B157: =B156+1 -> 5 | C157: 16196 | D157: ERFAN YASRAYFALDO AL FAJRI | E157: L
B158: =B157+1 -> 6 | C158: 16380 | D158: ERLANGGA ALIFIAN NUGRAHA | E158: L
B159: =B158+1 -> 7 | C159: 16231 | D159: FACHRY AHMAD VALDANI | E159: L
B160: =B159+1 -> 8 | C160: 16161 | D160: FARHAT SYAMSI EFGAN TUHEPALY | E160: L
B161: =B160+1 -> 9 | C161: 16162 | D161: FERIS WAHYU KURNIAWAN | E161: L
...

Sheet Absen Piket XI
D2: DAFTAR NAMA SISWA - SISWI
D3: SMA A. WAHID HASYIM TEBUIRENG JOMBANG
D4: TAHUN PELAJARAN : 2026- 2027
D6: KELAS : XI . 1 | E6: Bulan : __________________________ | S6: ='Kelas XI'!F5 -> Wali Kelas : YULI KHARISMA DZATI, S.Pd
B7: NOMOR | D7: NAMA | E7: TANGGAL
B8: URUT | C8: N I S | E8: 17 | G8: =E8+1 -> 18 | I8: =G8+1 -> 19 | K8: =I8+1 -> 20 | M8: =K8+1 -> 21 | O8: =M8+1 -> 22 | Q8: =O8+1 -> 23 | S8: =Q8+1 -> 24 | U8: =S8+1 -> 25 | W8: =U8+1 -> 26 | Y8: =W8+1 -> 27 | AA8: =Y8+1 -> 28 | AC8: =AA8+1 -> 29 | AE8: =AC8+1 -> 30 | AG8: =AE8+1 -> 31 | AI8: =AG8+1 -> 32
E9: jam ke 1 | F9: jam ke 5 | G9: jam ke 1 | H9: jam ke 5 | I9: jam ke 1 | J9: jam ke 5 | K9: jam ke 1 | L9: jam ke 5 | M9: jam ke 1 | N9: jam ke 5 | O9: jam ke 1 | P9: jam ke 5 | Q9: jam ke 1 | R9: jam ke 5 | S9: jam ke 1 | T9: jam ke 5 | U9: jam ke 1 | V9: jam ke 5 | W9: jam ke 1 | X9: jam ke 5 | Y9: jam ke 1 | Z9: jam ke 5 | AA9: jam ke 1 | AB9: jam ke 5 | AC9: jam ke 1 | AD9: jam ke 5 | AE9: jam ke 1 | AF9: jam ke 5 | AG9: jam ke 1 | AH9: jam ke 5 | AI9: jam ke 1 | AJ9: jam ke 5
B10: 1 | C10: ='Kelas XI'!C8 -> 16223 | D10: ='Kelas XI'!D8 -> ACHMAD ASYAM HABIBIE PRAKOSO
B11: =B10+1 -> 2 | C11: ='Kelas XI'!C9 -> 16188 | D11: ='Kelas XI'!D9 -> ADITYA ARTHA TRIHUTAMA
B12: =B11+1 -> 3 | C12: ='Kelas XI'!C10 -> 16118 | D12: ='Kelas XI'!D10 -> ADNAN ABIYYU WAJDI
B13: =B12+1 -> 4 | C13: ='Kelas XI'!C11 -> 16189 | D13: ='Kelas XI'!D11 -> AGATHA HARIS SINATHRIA
B14: =B13+1 -> 5 | C14: ='Kelas XI'!C12 -> 16081 | D14: ='Kelas XI'!D12 -> AHMAD WILDAN NUGROHO
B15: =B14+1 -> 6 | C15: ='Kelas XI'!C13 -> 16120 | D15: ='Kelas XI'!D13 -> ALVINNATA SATRIANO
B16: =B15+1 -> 7 | C16: ='Kelas XI'!C14 -> 16086 | D16: ='Kelas XI'!D14 -> AQIL AZZAH
B17: =B16+1 -> 8 | C17: ='Kelas XI'!C15 -> 16087 | D17: ='Kelas XI'!D15 -> ASKAR ADELARD PATU CAHYONO
B18: =B17+1 -> 9 | C18: ='Kelas XI'!C16 -> 16191 | D18: ='Kelas XI'!D16 -> ATHAYA FAJRUL FALAH WITJAKSONO
B19: =B18+1 -> 10 | C19: ='Kelas XI'!C17 -> 16155 | D19: ='Kelas XI'!D17 -> ATMADJA HIBRIZI MUHAMMAD
B20: =B19+1 -> 11 | C20: ='Kelas XI'!C18 -> 16128 | D20: ='Kelas XI'!D18 -> DHOVY HUSYAIN ABDILLAH AL BURHANY
B21: =B20+1 -> 12 | C21: ='Kelas XI'!C19 -> 16158 | D21: ='Kelas XI'!D19 -> DJIO ARNANDO PRATAMA
B22: =B21+1 -> 13 | C22: ='Kelas XI'!C20 -> 16166 | D22: ='Kelas XI'!D20 -> ILHAM FAUZAN ZAIN
... B50: =B49+1 -> 41 | C50: ='Kelas XI'!C48 -> 0 | D50: ='Kelas XI'!D48 -> 0
D53: DAFTAR NAMA SISWA - SISWI
D54: SMA A. WAHID HASYIM TEBUIRENG JOMBANG
D55: TAHUN PELAJARAN : 2026- 2027
D57: KELAS : XI. 2 | E57: Bulan : __________________________ | S57: ='Kelas XI'!F54 -> Wali Kelas : EVITRI SUTANTI, S.Si
B58: NOMOR | D58: NAMA | E58: TANGGAL
B59: URUT | C59: N I S | E59: =E8 -> 17 | G59: =E59+1 -> 18 | I59: =G59+1 -> 19 | K59: =I59+1 -> 20 | M59: =K59+1 -> 21 | O59: =M59+1 -> 22 | Q59: =O59+1 -> 23 | S59: =Q59+1 -> 24 | U59: =S59+1 -> 25 | W59: =U59+1 -> 26 | Y59: =W59+1 -> 27 | AA59: =Y59+1 -> 28 | AC59: =AA59+1 -> 29 | AE59: =AC59+1 -> 30 | AG59: =AE59+1 -> 31 | AI59: =AG59+1 -> 32
E60: jam ke 1 | F60: jam ke 5 | G60: jam ke 1 | H60: jam ke 5 | I60: jam ke 1 | J60: jam ke 5 | K60: jam ke 1 | L60: jam ke 5 | M60: jam ke 1 | N60: jam ke 5 | O60: jam ke 1 | P60: jam ke 5 | Q60: jam ke 1 | R60: jam ke 5 | S60: jam ke 1 | T60: jam ke 5 | U60: jam ke 1 | V60: jam ke 5 | W60: jam ke 1 | X60: jam ke 5 | Y60: jam ke 1 | Z60: jam ke 5 | AA60: jam ke 1 | AB60: jam ke 5 | AC60: jam ke 1 | AD60: jam ke 5 | AE60: jam ke 1 | AF60: jam ke 5 | AG60: jam ke 1 | AH60: jam ke 5 | AI60: jam ke 1 | AJ60: jam ke 5
B61: 1 | C61: ='Kelas XI'!C57 -> 16116 | D61: ='Kelas XI'!D57 -> ACHMAD AL AQWAL FEBRIANO NAJJARSYAH
B62: =B61+1 -> 2 | C62: ='Kelas XI'!C58 -> 16117 | D62: ='Kelas XI'!D58 -> ADHWA ENDORA
B63: =B62+1 -> 3 | C63: ='Kelas XI'!C59 -> 16079 | D63: ='Kelas XI'!D59 -> AHMAD DAIROBI
B64: =B63+1 -> 4 | C64: ='Kelas XI'!C60 -> 16224 | D64: ='Kelas XI'!D60 -> AHMAD FAQIH MUHAJIR
B65: =B64+1 -> 5 | C65: ='Kelas XI'!C61 -> 16153 | D65: ='Kelas XI'!D61 -> AHMAD KHOIRUN ALI NABIL
B66: =B65+1 -> 6 | C66: ='Kelas XI'!C62 -> 16082 | D66: ='Kelas XI'!D62 -> AL MULTAZAM YAHYA MUNDHORY
B67: =B66+1 -> 7 | C67: ='Kelas XI'!C63 -> 16154 | D67: ='Kelas XI'!D63 -> ARYO IMRON FAROQ
B68: =B67+1 -> 8 | C68: ='Kelas XI'!C64 -> 16382 | D68: ='Kelas XI'!D64 -> AYDIN ABQARI IKHSAN
B69: =B68+1 -> 9 | C69: ='Kelas XI'!C65 -> 16125 | D69: ='Kelas XI'!D65 -> BAGAS KAMIL KHAIRAN
B70: =B69+1 -> 10 | C70: ='Kelas XI'!C66 -> 16156 | D70: ='Kelas XI'!D66 -> DERAHID TRI WICAKSONO
B71: =B70+1 -> 11 | C71: ='Kelas XI'!C67 -> 16129 | D71: ='Kelas XI'!D67 -> DIMAS FAHDIANSYAH
B72: =B71+1 -> 12 | C72: ='Kelas XI'!C68 -> 16159 | D72: ='Kelas XI'!D68 -> FAIZAL AINURROFIQ 'IRFANY
B73: =B72+1 -> 13 | C73: ='Kelas XI'!C69 -> 16160 | D73: ='Kelas XI'!D69 -> FARHAN FAJRUL MUNAWAR
... B100: =B99+1 -> 40 | C100: ='Kelas XI'!C96 -> 0 | D100: ='Kelas XI'!D96 -> 0
D103: DAFTAR NAMA SISWA - SISWI
D104: SMA A. WAHID HASYIM TEBUIRENG JOMBANG
D105: TAHUN PELAJARAN : 2026- 2027
D107: KELAS : XI . 3 | E107: Bulan : __________________________ | S107: ='Kelas XI'!F102 -> Wali Kelas : EVA DESSY PINASTI, S. Si
B108: NOMOR | D108: NAMA | E108: TANGGAL
B109: URUT | C109: N I S | E109: =E8 -> 17 | G109: =E109+1 -> 18 | I109: =G109+1 -> 19 | K109: =I109+1 -> 20 | M109: =K109+1 -> 21 | O109: =M109+1 -> 22 | Q109: =O109+1 -> 23 | S109: =Q109+1 -> 24 | U109: =S109+1 -> 25 | W109: =U109+1 -> 26 | Y109: =W109+1 -> 27 | AA109: =Y109+1 -> 28 | AC109: =AA109+1 -> 29 | AE109: =AC109+1 -> 30 | AG109: =AE109+1 -> 31 | AI109: =AG109+1 -> 32
E110: jam ke 1 | F110: jam ke 5 | G110: jam ke 1 | H110: jam ke 5 | I110: jam ke 1 | J110: jam ke 5 | K110: jam ke 1 | L110: jam ke 5 | M110: jam ke 1 | N110: jam ke 5 | O110: jam ke 1 | P110: jam ke 5 | Q110: jam ke 1 | R110: jam ke 5 | S110: jam ke 1 | T110: jam ke 5 | U110: jam ke 1 | V110: jam ke 5 | W110: jam ke 1 | X110: jam ke 5 | Y110: jam ke 1 | Z110: jam ke 5 | AA110: jam ke 1 | AB110: jam ke 5 | AC110: jam ke 1 | AD110: jam ke 5 | AE110: jam ke 1 | AF110: jam ke 5 | AG110: jam ke 1 | AH110: jam ke 5 | AI110: jam ke 1 | AJ110: jam ke 5
B111: 1 | C111: ='Kelas XI'!C105 -> 16115 | D111: ='Kelas XI'!D105 -> ABDUL KARIM KHISANI
B112: =B111+1 -> 2 | C112: ='Kelas XI'!C106 -> 16151 | D112: ='Kelas XI'!D106 -> ACHMAD CHARIRI FAZALMUTTAQI
B113: =B112+1 -> 3 | C113: ='Kelas XI'!C107 -> 16084 | D113: ='Kelas XI'!D107 -> ANANDA RISCO RAMADANI
B114: =B113+1 -> 4 | C114: ='Kelas XI'!C108 -> 16085 | D114: ='Kelas XI'!D108 -> ANDANA ATTARIKSA
B115: =B114+1 -> 5 | C115: ='Kelas XI'!C109 -> 16123 | D115: ='Kelas XI'!D109 -> AUFAA RAKHA BAGUS PUTRA ERWANTO
B116: =B115+1 -> 6 | C116: ='Kelas XI'!C110 -> 16229 | D116: ='Kelas XI'!D110 -> BIMA ABDUL ROZAK
B117: =B116+1 -> 7 | C117: ='Kelas XI'!C111 -> 16192 | D117: ='Kelas XI'!D111 -> BINTANG ARYA PUDANA
B118: =B117+1 -> 8 | C118: ='Kelas XI'!C112 -> 16193 | D118: ='Kelas XI'!D112 -> DANISWARA WISHNU HANANIA
B119: =B118+1 -> 9 | C119: ='Kelas XI'!C113 -> 16195 | D119: ='Kelas XI'!D113 -> EKA BAYU WICAKSONO
B120: =B119+1 -> 10 | C120: ='Kelas XI'!C114 -> 16088 | D120: ='Kelas XI'!D114 -> FAIZ MUFLIHUL KHAIR
B121: =B120+1 -> 11 | C121: ='Kelas XI'!C115 -> 16092 | D121: ='Kelas XI'!D115 -> FATHAHILLAH KHOLIQ FURQANI
B122: =B121+1 -> 12 | C122: ='Kelas XI'!C116 -> 16165 | D122: ='Kelas XI'!D116 -> GITO NUGROHO
B123: =B122+1 -> 13 | C123: ='Kelas XI'!C117 -> 16197 | D123: ='Kelas XI'!D117 -> HAFIZ WIJAYA RAHADIAN
... B149: =B148+1 -> 39 | C149: ='Kelas XI'!C143 -> 0 | D149: ='Kelas XI'!D143 -> 0
B150: 40 | C150: ='Kelas XI'!C144 -> 0 | D150: ='Kelas XI'!D144 -> 0
D153: DAFTAR NAMA SISWA - SISWI
D154: SMA A. WAHID HASYIM TEBUIRENG JOMBANG
D155: TAHUN PELAJARAN : 2026- 2027
D157: KELAS : XI . 4 | E157: Bulan : __________________________ | S157: ='Kelas XI'!F150 -> Wali Kelas : DWI INDAH LESTARI, S.Pd
B158: NOMOR | D158: NAMA | E158: TANGGAL
B159: URUT | C159: N I S | E159: =E8 -> 17 | G159: =E159+1 -> 18 | I159: =G159+1 -> 19 | K159: =I159+1 -> 20 | M159: =K159+1 -> 21 | O159: =M159+1 -> 22 | Q159: =O159+1 -> 23 | S159: =Q159+1 -> 24 | U159: =S159+1 -> 25 | W159: =U159+1 -> 26 | Y159: =W159+1 -> 27 | AA159: =Y159+1 -> 28 | AC159: =AA159+1 -> 29 | AE159: =AC159+1 -> 30 | AG159: =AE159+1 -> 31 | AI159: =AG159+1 -> 32
E160: jam ke 1 | F160: jam ke 5 | G160: jam ke 1 | H160: jam ke 5 | I160: jam ke 1 | J160: jam ke 5 | K160: jam ke 1 | L160: jam ke 5 | M160: jam ke 1 | N160: jam ke 5 | O160: jam ke 1 | P160: jam ke 5 | Q160: jam ke 1 | R160: jam ke 5 | S160: jam ke 1 | T160: jam ke 5 | U160: jam ke 1 | V160: jam ke 5 | W160: jam ke 1 | X160: jam ke 5 | Y160: jam ke 1 | Z160: jam ke 5 | AA160: jam ke 1 | AB160: jam ke 5 | AC160: jam ke 1 | AD160: jam ke 5 | AE160: jam ke 1 | AF160: jam ke 5 | AG160: jam ke 1 | AH160: jam ke 5 | AI160: jam ke 1 | AJ160: jam ke 5
B161: 1 | C161: ='Kelas XI'!C153 -> 16187 | D161: ='Kelas XI'!D153 -> ACHMAD SYAUQIH RACHMAN
B162: =B161+1 -> 2 | C162: ='Kelas XI'!C154 -> 16226 | D162: ='Kelas XI'!D154 -> AJSADAFAARO SANTOSO
B163: =B162+1 -> 3 | C163: ='Kelas XI'!C155 -> 16119 | D163: ='Kelas XI'!D155 -> ALPHARD ATHA ANDHIKA
B164: =B163+1 -> 4 | C164: ='Kelas XI'!C156 -> 16126 | D164: ='Kelas XI'!D156 -> BAYU ARDIYATA PRATAMA
B165: =B164+1 -> 5 | C165: ='Kelas XI'!C157 -> 16196 | D165: ='Kelas XI'!D157 -> ERFAN YASRAYFALDO AL FAJRI
B166: =B165+1 -> 6 | C166: ='Kelas XI'!C158 -> 16380 | D166: ='Kelas XI'!D158 -> ERLANGGA ALIFIAN NUGRAHA
B167: =B166+1 -> 7 | C167: ='Kelas XI'!C159 -> 16231 | D167: ='Kelas XI'!D159 -> FACHRY AHMAD VALDANI
B168: =B167+1 -> 8 | C168: ='Kelas XI'!C160 -> 16161 | D168: ='Kelas XI'!D160 -> FARHAT SYAMSI EFGAN TUHEPALY
B169: =B168+1 -> 9 | C169: ='Kelas XI'!C161 -> 16162 | D169: ='Kelas XI'!D161 -> FERIS WAHYU KURNIAWAN
B170: =B169+1 -> 10 | C170: ='Kelas XI'!C162 -> 16093 | D170: ='Kelas XI'!D162 -> GHAFARA JAZILO SAPUTRO
B171: =B170+1 -> 11 | C171: ='Kelas XI'!C163 -> 16233 | D171: ='Kelas XI'!D163 -> HAFIDZ KAHIRUL AZZAM
B172: =B171+1 -> 12 | C172: ='Kelas XI'!C164 -> 16131 | D172: ='Kelas XI'!D164 -> HAIKAL ZAKY IZZUDDIN
B173: =B172+1 -> 13 | C173: ='Kelas XI'!C165 -> 16234 | D173: ='Kelas XI'!D165 -> IKHSAN SUSTARTO
... B200: =B199+1 -> 40 | C200: ='Kelas XI'!C192 -> 0 | D200: ='Kelas XI'!D192 -> 0
D203: DAFTAR NAMA SISWA - SISWI
D204: SMA A. WAHID HASYIM TEBUIRENG JOMBANG
D205: TAHUN PELAJARAN : 2026- 2027
D207: KELAS : XI .5 | E207: Bulan : __________________________ | S207: ='Kelas XI'!F198 -> Wali Kelas : DWI MULYANI, S.Pd
B208: NOMOR | D208: NAMA | E208: TANGGAL
B209: URUT | C209: N I S | E209: =E8 -> 17 | G209: =E209+1 -> 18 | I209: =G209+1 -> 19 | K209: =I209+1 -> 20 | M209: =K209+1 -> 21 | O209: =M209+1 -> 22 | Q209: =O209+1 -> 23 | S209: =Q209+1 -> 24 | U209: =S209+1 -> 25 | W209: =U209+1 -> 26 | Y209: =W209+1 -> 27 | AA209: =Y209+1 -> 28 | AC209: =AA209+1 -> 29 | AE209: =AC209+1 -> 30 | AG209: =AE209+1 -> 31 | AI209: =AG209+1 -> 32
E210: jam ke 1 | F210: jam ke 5 | G210: jam ke 1 | H210: jam ke 5 | I210: jam ke 1 | J210: jam ke 5 | K210: jam ke 1 | L210: jam ke 5 | M210: jam ke 1 | N210: jam ke 5 | O210: jam ke 1 | P210: jam ke 5 | Q210: jam ke 1 | R210: jam ke 5 | S210: jam ke 1 | T210: jam ke 5 | U210: jam ke 1 | V210: jam ke 5 | W210: jam ke 1 | X210: jam ke 5 | Y210: jam ke 1 | Z210: jam ke 5 | AA210: jam ke 1 | AB210: jam ke 5 | AC210: jam ke 1 | AD210: jam ke 5 | AE210: jam ke 1 | AF210: jam ke 5 | AG210: jam ke 1 | AH210: jam ke 5 | AI210: jam ke 1 | AJ210: jam ke 5
B211: 1 | C211: ='Kelas XI'!C201 -> 16078 | D211: ='Kelas XI'!D201 -> ACHMAD JA'FAR NAFIS AL HISYAM
B212: =B211+1 -> 2 | C212: ='Kelas XI'!C202 -> 16225 | D212: ='Kelas XI'!D202 -> AHMAD FIRAAS
B213: =B212+1 -> 3 | C213: ='Kelas XI'!C203 -> 16227 | D213: ='Kelas XI'!D203 -> ALFIANSYAH RISKY MAULANA
B214: =B213+1 -> 4 | C214: ='Kelas XI'!C204 -> 16083 | D214: ='Kelas XI'!D204 -> ALVIN MASYKUR
B215: =B214+1 -> 5 | C215: ='Kelas XI'!C205 -> 16190 | D215: ='Kelas XI'!D205 -> ANAS MAHESA BUANA
B216: =B215+1 -> 6 | C216: ='Kelas XI'!C206 -> 16228 | D216: ='Kelas XI'!D206 -> ARKALIF MAULITIYO GOBIT
B217: =B216+1 -> 7 | C217: ='Kelas XI'!C207 -> 16121 | D217: ='Kelas XI'!D207 -> ARRIZAL RUBY MAULID DEINDRA
B218: =B217+1 -> 8 | C218: ='Kelas XI'!C208 -> 16124 | D218: ='Kelas XI'!D208 -> AZKA ABDUL HAKIM
...

Sheet Kelas XII
D2: DAFTAR NAMA SISWA - SISWI
D3: SMA A. WAHID HASYIM TEBUIRENG JOMBANG
D4: TAHUN PELAJARAN : 2026- 2027
D5: KELAS : XII .1 | F5: Wali Kelas : | J5: CAHYONISASI, S.Pd
B6: NOMOR | D6: NAMA | E6: L/P
B7: Urut | C7: N I S
B8: 1 | C8: 15821 | D8: ACHMAD RIFQI ATQI FAHMI | E8: L
B9: 2 | C9: 15927 | D9: AHMAD FELANI NAJMI ZAHRON | E9: L
B10: 3 | C10: 15892 | D10: AKMAL RIDHO HIBATULLOH | E10: L
B11: 4 | C11: 15860 | D11: AKMALUL HIDAYAT FUADZAM SHAH | E11: L
B12: 5 | C12: 15893 | D12: ANDIKA SETYA FIRMANSYAH ADINA PUTRA | E12: L
B13: 6 | C13: 15862 | D13: ATHALLAH FACHRI PRADANA | E13: L
B14: 7 | C14: 15828 | D14: ATTAR FAWWAZ KAMIL | E14: L
B15: 8 | C15: 15896 | D15: FACHRY TEGUH RAMADHAN | E15: L
B16: 9 | C16: 15832 | D16: FADIL MUBAROK | E16: L
B17: 10 | C17: 15864 | D17: FAQIH AKIF ALMAGHRIBI RAHMAT | E17: L
B18: 11 | C18: 15934 | D18: FULVIANO CAHYA MAULANA | E18: L
B19: 12 | C19: 15868 | D19: HAMMAM MUMTAZA | E19: L
... B41: 34 | C41: 15851 | D41: RASYA AUFA NARA HAMIDI | E41: L
B42: 35 | E42: L
B43: 36
D46: DAFTAR NAMA SISWA - SISWI
D47: SMA A. WAHID HASYIM TEBUIRENG JOMBANG
D48: TAHUN PELAJARAN : 2026- 2027
D49: KELAS : XII . 2 | F49: Wali Kelas : | J49: KHOIROTUNNISA', S.Pd
B50: NOMOR | D50: NAMA | E50: L/P
B51: Urut | C51: N I S
B52: 1 | C52: 15822 | D52: ACHMAD TANGSI PUSIRAJA | E52: L
B53: 2 | C53: 15823 | D53: AHMAD FARHAN AL FATIH MASYHURI | E53: L
B54: 3 | C54: 15857 | D54: AHMAD HILMAN WIBAWA PUTRA HIDAYAT | E54: L
B55: 4 | C55: 15929 | D55: AHMAD RAJABI | E55: L
B56: 5 | C56: 15931 | D56: DEFTIAN RIKO PRADITA | E56: L
B57: 6 | C57: 15932 | D57: FAJRUL AKBAR | E57: L
B58: 7 | C58: 15933 | D58: FAUZI MIFTAH PURNASATRIA | E58: L
B59: 8 | C59: 15867 | D59: HAIDAR ALI ZAMANI | E59: L
B60: 9 | C60: 15834 | D60: IQBAL FIRDAUS AL HAMID | E60: L
B61: 10 | C61: 15835 | D61: KENNARD FALAHSYAH | E61: L
B62: 11 | C62: 15870 | D62: KUKUH WICAKSONO | E62: L
B63: 12 | C63: 15871 | D63: LINTANG CAHYA PUTRA | E63: L
... B81: 30 | C81: 15889 | D81: ZHAHER HISMAYA | E81: L
B82: 31 | E82: L
B83: 32 | E83: L
B84: 33 | E84: L
B85: 34 | E85: L
B86: 35 | E86: L
B87: 36 | E87: L
B88: 37
D91: DAFTAR NAMA SISWA - SISWI
D92: SMA A. WAHID HASYIM TEBUIRENG JOMBANG
D93: TAHUN PELAJARAN : 2026- 2027
D94: KELAS : XII . 3 | F94: Wali Kelas : | J94: RIFQI HAWARI, M.Pd
B95: NOMOR | D95: NAMA | E95: L/P
B96: Urut | C96: N I S
B97: 1 | C97: 15855 | D97: ABDULLAH ZACKY IRZA | E97: L
B98: =B97+1 -> 2 | C98: 15820 | D98: ACHMAD LUTHFIE BADRUZZAMAN | E98: L
B99: =B98+1 -> 3 | C99: 15824 | D99: AHMAD FARIS HUSAINI | E99: L
B100: =B99+1 -> 4 | C100: 15861 | D100: ALDEBARAN ARSADANA PUTRA | E100: L
B101: =B100+1 -> 5 | C101: 15825 | D101: ALFANDI HADINATA | E101: L
B102: =B101+1 -> 6 | C102: 15826 | D102: ANDAKA RISKI | E102: L
B103: =B102+1 -> 7 | C103: 15831 | D103: DIMITRI HARMAZ AL HARAMIZAH | E103: L
B104: =B103+1 -> 8 | C104: 15937 | D104: JAVIER AKHMAD FAIZAL | E104: L
B105: =B104+1 -> 9 | C105: 15900 | D105: KEEFE ATHALLAH RUIZHI | E105: L
B106: =B105+1 -> 10 | C106: 15938 | D106: KEY MAS NAZIEF ELFADA | E106: L
B107: =B106+1 -> 11 | C107: 15836 | D107: LINGGA ADINATA MOCHTAR | E107: L
B108: =B107+1 -> 12 | C108: 15901 | D108: M. ISHAQ LATIF AL-BUSTOMI | E108: L
B109: =B108+1 -> 13 | C109: 15939 | D109: MAULANA 'ABDURRAHMAN | E109: L
... B129: =B128+1 -> 33 | C129: 15853 | D129: SYIHABUDDIN AHMAD HILAL | E129: L
B130: =B129+1 -> 34 | E130: L
B131: =B130+1 -> 35 | E131: L
B132: =B131+1 -> 36 | E132: L
B133: =B132+1 -> 37 | E133: L
D137: DAFTAR NAMA SISWA - SISWI
D138: SMA A. WAHID HASYIM TEBUIRENG JOMBANG
D139: TAHUN PELAJARAN : 2026- 2027
D140: KELAS : XII . 4 | F140: Wali Kelas : | J140: NAILUL HIKMAH, M.Pd
B141: NOMOR | D141: NAMA | E141: L/P
B142: Urut | C142: N I S
B143: 1 | C143: 15926 | D143: ACHMAD HISYAM AZIZI PRAKOSO | E143: L
B144: 2 | C144: 15856 | D144: AHMAD FAUZI ARDHIANSYAH | E144: L
B145: 3 | C145: 15928 | D145: AHMAD MAULANA ISHAQ | E145: L
B146: 4 | C146: 15859 | D146: AHMED TANGGUH MAULANA FIRDAUS | E146: L
B147: 5 | C147: 15894 | D147: ANTONI BAYU PRASETYO | E147: L
B148: 6 | C148: 15827 | D148: ARIF KURNIAWAN | E148: L
B149: 7 | C149: 15895 | D149: AZRI HAZIQ KAMIL | E149: L
B150: 8 | C150: 15829 | D150: AZZAM NAUFAL PRADIPTA DUSTIN ARY WIBOWO | E150: L
B151: 9 | C151: 15830 | D151: DAFFA ADIB FADHLURRAHMAN | E151: L
B152: 10 | C152: 15865 | D152: FARHAN AFIF ADIANSYAH | E152: L
B153: 11 | C153: 15898 | D153: FATHURROHMAN | E153: L
B154: 12 | C154: 15899 | D154: HASBI FATURROHMAN | E154: L
... B171: 29 | C171: 15854 | D171: WISNU DWI PRADANA PUTRA | E171: L
B172: 30 | E172: L
B173: 31 | E173: L
B174: =B173+1 -> 32
B175: =B174+1 -> 33
B176: =B175+1 -> 34
B177: =B176+1 -> 35
B178: 37
D181: DAFTAR NAMA SISWA - SISWI
D182: SMA A. WAHID HASYIM TEBUIRENG JOMBANG
D183: TAHUN PELAJARAN : 2026- 2027
...

Sheet Absen Piket XII
D2: DAFTAR NAMA SISWA - SISWI
D3: SMA A. WAHID HASYIM TEBUIRENG JOMBANG
D4: TAHUN PELAJARAN : 2026- 2027
D6: KELAS : XII . 1 | E6: Bulan : __________________________ | AA6: Wali Kelas : | AC6: CAHYONISASI, S.Pd
B7: NOMOR | D7: NAMA
B8: URUT | C8: N I S | E8: 17 | G8: =E8+1 -> 18 | I8: =G8+1 -> 19 | K8: =I8+1 -> 20 | M8: =K8+1 -> 21 | O8: =M8+1 -> 22 | Q8: =O8+1 -> 23 | S8: =Q8+1 -> 24 | U8: =S8+1 -> 25 | W8: =U8+1 -> 26 | Y8: =W8+1 -> 27 | AA8: =Y8+1 -> 28 | AC8: =AA8+1 -> 29 | AE8: =AC8+1 -> 30 | AG8: =AE8+1 -> 31 | AI8: =AG8+1 -> 32
E9: jam ke 1 | F9: jam ke 5 | G9: jam ke 1 | H9: jam ke 5 | I9: jam ke 1 | J9: jam ke 5 | K9: jam ke 1 | L9: jam ke 5 | M9: jam ke 1 | N9: jam ke 5 | O9: jam ke 1 | P9: jam ke 5 | Q9: jam ke 1 | R9: jam ke 5 | S9: jam ke 1 | T9: jam ke 5 | U9: jam ke 1 | V9: jam ke 5 | W9: jam ke 1 | X9: jam ke 5 | Y9: jam ke 1 | Z9: jam ke 5 | AA9: jam ke 1 | AB9: jam ke 5 | AC9: jam ke 1 | AD9: jam ke 5 | AE9: jam ke 1 | AF9: jam ke 5 | AG9: jam ke 1 | AH9: jam ke 5 | AI9: jam ke 1 | AJ9: jam ke 5
B10: 1 | C10: ='Kelas XII'!C8 -> 15821 | D10: ='Kelas XII'!D8 -> ACHMAD RIFQI ATQI FAHMI
B11: =B10+1 -> 2 | C11: ='Kelas XII'!C9 -> 15927 | D11: ='Kelas XII'!D9 -> AHMAD FELANI NAJMI ZAHRON
B12: =B11+1 -> 3 | C12: ='Kelas XII'!C10 -> 15892 | D12: ='Kelas XII'!D10 -> AKMAL RIDHO HIBATULLOH
B13: =B12+1 -> 4 | C13: ='Kelas XII'!C11 -> 15860 | D13: ='Kelas XII'!D11 -> AKMALUL HIDAYAT FUADZAM SHAH
B14: =B13+1 -> 5 | C14: ='Kelas XII'!C12 -> 15893 | D14: ='Kelas XII'!D12 -> ANDIKA SETYA FIRMANSYAH ADINA PUTRA
B15: =B14+1 -> 6 | C15: ='Kelas XII'!C13 -> 15862 | D15: ='Kelas XII'!D13 -> ATHALLAH FACHRI PRADANA
B16: =B15+1 -> 7 | C16: ='Kelas XII'!C14 -> 15828 | D16: ='Kelas XII'!D14 -> ATTAR FAWWAZ KAMIL
B17: =B16+1 -> 8 | C17: ='Kelas XII'!C15 -> 15896 | D17: ='Kelas XII'!D15 -> FACHRY TEGUH RAMADHAN
B18: =B17+1 -> 9 | C18: ='Kelas XII'!C16 -> 15832 | D18: ='Kelas XII'!D16 -> FADIL MUBAROK
B19: =B18+1 -> 10 | C19: ='Kelas XII'!C17 -> 15864 | D19: ='Kelas XII'!D17 -> FAQIH AKIF ALMAGHRIBI RAHMAT
B20: =B19+1 -> 11 | C20: ='Kelas XII'!C18 -> 15934 | D20: ='Kelas XII'!D18 -> FULVIANO CAHYA MAULANA
B21: =B20+1 -> 12 | C21: ='Kelas XII'!C19 -> 15868 | D21: ='Kelas XII'!D19 -> HAMMAM MUMTAZA
B22: =B21+1 -> 13 | C22: ='Kelas XII'!C20 -> 15869 | D22: ='Kelas XII'!D20 -> IBRA HAIDAR ALI
... B46: =B45+1 -> 37 | C46: ='Kelas XII'!C44 -> 0 | D46: ='Kelas XII'!D44 -> 0
D49: DAFTAR NAMA SISWA - SISWI
D50: SMA A. WAHID HASYIM TEBUIRENG JOMBANG
D51: TAHUN PELAJARAN : 2026- 2027
D53: KELAS : XII. 2 | E53: Bulan : __________________________ | AA53: Wali Kelas : | AC53: KHOIROTUNNISA', S.Pd
B54: NOMOR | D54: NAMA
B55: URUT | C55: N I S | E55: =E8 -> 17 | G55: =E55+1 -> 18 | I55: =G55+1 -> 19 | K55: =I55+1 -> 20 | M55: =K55+1 -> 21 | O55: =M55+1 -> 22 | Q55: =O55+1 -> 23 | S55: =Q55+1 -> 24 | U55: =S55+1 -> 25 | W55: =U55+1 -> 26 | Y55: =W55+1 -> 27 | AA55: =Y55+1 -> 28 | AC55: =AA55+1 -> 29 | AE55: =AC55+1 -> 30 | AG55: =AE55+1 -> 31 | AI55: =AG55+1 -> 32
E56: jam ke 1 | F56: jam ke 5 | G56: jam ke 1 | H56: jam ke 5 | I56: jam ke 1 | J56: jam ke 5 | K56: jam ke 1 | L56: jam ke 5 | M56: jam ke 1 | N56: jam ke 5 | O56: jam ke 1 | P56: jam ke 5 | Q56: jam ke 1 | R56: jam ke 5 | S56: jam ke 1 | T56: jam ke 5 | U56: jam ke 1 | V56: jam ke 5 | W56: jam ke 1 | X56: jam ke 5 | Y56: jam ke 1 | Z56: jam ke 5 | AA56: jam ke 1 | AB56: jam ke 5 | AC56: jam ke 1 | AD56: jam ke 5 | AE56: jam ke 1 | AF56: jam ke 5 | AG56: jam ke 1 | AH56: jam ke 5 | AI56: jam ke 1 | AJ56: jam ke 5
B57: 1 | C57: ='Kelas XII'!C52 -> 15822 | D57: ='Kelas XII'!D52 -> ACHMAD TANGSI PUSIRAJA
B58: =B57+1 -> 2 | C58: ='Kelas XII'!C53 -> 15823 | D58: ='Kelas XII'!D53 -> AHMAD FARHAN AL FATIH MASYHURI
B59: =B58+1 -> 3 | C59: ='Kelas XII'!C54 -> 15857 | D59: ='Kelas XII'!D54 -> AHMAD HILMAN WIBAWA PUTRA HIDAYAT
B60: =B59+1 -> 4 | C60: ='Kelas XII'!C55 -> 15929 | D60: ='Kelas XII'!D55 -> AHMAD RAJABI
B61: =B60+1 -> 5 | C61: ='Kelas XII'!C56 -> 15931 | D61: ='Kelas XII'!D56 -> DEFTIAN RIKO PRADITA
B62: =B61+1 -> 6 | C62: ='Kelas XII'!C57 -> 15932 | D62: ='Kelas XII'!D57 -> FAJRUL AKBAR
B63: =B62+1 -> 7 | C63: ='Kelas XII'!C58 -> 15933 | D63: ='Kelas XII'!D58 -> FAUZI MIFTAH PURNASATRIA
B64: =B63+1 -> 8 | C64: ='Kelas XII'!C59 -> 15867 | D64: ='Kelas XII'!D59 -> HAIDAR ALI ZAMANI
B65: =B64+1 -> 9 | C65: ='Kelas XII'!C60 -> 15834 | D65: ='Kelas XII'!D60 -> IQBAL FIRDAUS AL HAMID
B66: =B65+1 -> 10 | C66: ='Kelas XII'!C61 -> 15835 | D66: ='Kelas XII'!D61 -> KENNARD FALAHSYAH
B67: =B66+1 -> 11 | C67: ='Kelas XII'!C62 -> 15870 | D67: ='Kelas XII'!D62 -> KUKUH WICAKSONO
B68: =B67+1 -> 12 | C68: ='Kelas XII'!C63 -> 15871 | D68: ='Kelas XII'!D63 -> LINTANG CAHYA PUTRA
B69: =B68+1 -> 13 | C69: ='Kelas XII'!C64 -> 15872 | D69: ='Kelas XII'!D64 -> M. HAFIZ AKBAR PUTRA NADELFA
... B93: =B92+1 -> 37 | C93: ='Kelas XII'!C88 -> 0 | D93: ='Kelas XII'!D88 -> 0
D96: DAFTAR NAMA SISWA - SISWI
D97: SMA A. WAHID HASYIM TEBUIRENG JOMBANG
D98: TAHUN PELAJARAN : 2026- 2027
D100: KELAS : XII . 3 | E100: Bulan : __________________________ | AA100: Wali Kelas : | AC100: RIFQI HAWARI, M.Pd
B101: NOMOR | D101: NAMA
B102: URUT | C102: N I S | E102: 17 | G102: =E102+1 -> 18 | I102: =G102+1 -> 19 | K102: =I102+1 -> 20 | M102: =K102+1 -> 21 | O102: =M102+1 -> 22 | Q102: =O102+1 -> 23 | S102: =Q102+1 -> 24 | U102: =S102+1 -> 25 | W102: =U102+1 -> 26 | Y102: =W102+1 -> 27 | AA102: =Y102+1 -> 28 | AC102: =AA102+1 -> 29 | AE102: =AC102+1 -> 30 | AG102: =AE102+1 -> 31 | AI102: =AG102+1 -> 32
E103: jam ke 1 | F103: jam ke 5 | G103: jam ke 1 | H103: jam ke 5 | I103: jam ke 1 | J103: jam ke 5 | K103: jam ke 1 | L103: jam ke 5 | M103: jam ke 1 | N103: jam ke 5 | O103: jam ke 1 | P103: jam ke 5 | Q103: jam ke 1 | R103: jam ke 5 | S103: jam ke 1 | T103: jam ke 5 | U103: jam ke 1 | V103: jam ke 5 | W103: jam ke 1 | X103: jam ke 5 | Y103: jam ke 1 | Z103: jam ke 5 | AA103: jam ke 1 | AB103: jam ke 5 | AC103: jam ke 1 | AD103: jam ke 5 | AE103: jam ke 1 | AF103: jam ke 5 | AG103: jam ke 1 | AH103: jam ke 5 | AI103: jam ke 1 | AJ103: jam ke 5
B104: 1 | C104: ='Kelas XII'!C97 -> 15855 | D104: ='Kelas XII'!D97 -> ABDULLAH ZACKY IRZA
B105: =B104+1 -> 2 | C105: ='Kelas XII'!C98 -> 15820 | D105: ='Kelas XII'!D98 -> ACHMAD LUTHFIE BADRUZZAMAN
B106: =B105+1 -> 3 | C106: ='Kelas XII'!C99 -> 15824 | D106: ='Kelas XII'!D99 -> AHMAD FARIS HUSAINI
B107: =B106+1 -> 4 | C107: ='Kelas XII'!C100 -> 15861 | D107: ='Kelas XII'!D100 -> ALDEBARAN ARSADANA PUTRA
B108: =B107+1 -> 5 | C108: ='Kelas XII'!C101 -> 15825 | D108: ='Kelas XII'!D101 -> ALFANDI HADINATA
B109: =B108+1 -> 6 | C109: ='Kelas XII'!C102 -> 15826 | D109: ='Kelas XII'!D102 -> ANDAKA RISKI
B110: =B109+1 -> 7 | C110: ='Kelas XII'!C103 -> 15831 | D110: ='Kelas XII'!D103 -> DIMITRI HARMAZ AL HARAMIZAH
B111: =B110+1 -> 8 | C111: ='Kelas XII'!C104 -> 15937 | D111: ='Kelas XII'!D104 -> JAVIER AKHMAD FAIZAL
B112: =B111+1 -> 9 | C112: ='Kelas XII'!C105 -> 15900 | D112: ='Kelas XII'!D105 -> KEEFE ATHALLAH RUIZHI
B113: =B112+1 -> 10 | C113: ='Kelas XII'!C106 -> 15938 | D113: ='Kelas XII'!D106 -> KEY MAS NAZIEF ELFADA
B114: =B113+1 -> 11 | C114: ='Kelas XII'!C107 -> 15836 | D114: ='Kelas XII'!D107 -> LINGGA ADINATA MOCHTAR
B115: =B114+1 -> 12 | C115: ='Kelas XII'!C108 -> 15901 | D115: ='Kelas XII'!D108 -> M. ISHAQ LATIF AL-BUSTOMI
B116: =B115+1 -> 13 | C116: ='Kelas XII'!C109 -> 15939 | D116: ='Kelas XII'!D109 -> MAULANA 'ABDURRAHMAN
... B140: =B139+1 -> 37 | C140: ='Kelas XII'!C133 -> 0 | D140: ='Kelas XII'!D133 -> 0
D143: DAFTAR NAMA SISWA - SISWI
D144: SMA A. WAHID HASYIM TEBUIRENG JOMBANG
D145: TAHUN PELAJARAN : 2026- 2027
D147: KELAS : XII . 4 | E147: Bulan : __________________________ | AA147: Wali Kelas : | AC147: NAILUL HIKMAH, M.Pd
B148: NOMOR | D148: NAMA
B149: URUT | C149: N I S | E149: =E8 -> 17 | G149: =E149+1 -> 18 | I149: =G149+1 -> 19 | K149: =I149+1 -> 20 | M149: =K149+1 -> 21 | O149: =M149+1 -> 22 | Q149: =O149+1 -> 23 | S149: =Q149+1 -> 24 | U149: =S149+1 -> 25 | W149: =U149+1 -> 26 | Y149: =W149+1 -> 27 | AA149: =Y149+1 -> 28 | AC149: =AA149+1 -> 29 | AE149: =AC149+1 -> 30 | AG149: =AE149+1 -> 31 | AI149: =AG149+1 -> 32
E150: jam ke 1 | F150: jam ke 5 | G150: jam ke 1 | H150: jam ke 5 | I150: jam ke 1 | J150: jam ke 5 | K150: jam ke 1 | L150: jam ke 5 | M150: jam ke 1 | N150: jam ke 5 | O150: jam ke 1 | P150: jam ke 5 | Q150: jam ke 1 | R150: jam ke 5 | S150: jam ke 1 | T150: jam ke 5 | U150: jam ke 1 | V150: jam ke 5 | W150: jam ke 1 | X150: jam ke 5 | Y150: jam ke 1 | Z150: jam ke 5 | AA150: jam ke 1 | AB150: jam ke 5 | AC150: jam ke 1 | AD150: jam ke 5 | AE150: jam ke 1 | AF150: jam ke 5 | AG150: jam ke 1 | AH150: jam ke 5 | AI150: jam ke 1 | AJ150: jam ke 5
B151: 1 | C151: ='Kelas XII'!C143 -> 15926 | D151: ='Kelas XII'!D143 -> ACHMAD HISYAM AZIZI PRAKOSO
B152: =B151+1 -> 2 | C152: ='Kelas XII'!C144 -> 15856 | D152: ='Kelas XII'!D144 -> AHMAD FAUZI ARDHIANSYAH
B153: =B152+1 -> 3 | C153: ='Kelas XII'!C145 -> 15928 | D153: ='Kelas XII'!D145 -> AHMAD MAULANA ISHAQ
B154: =B153+1 -> 4 | C154: ='Kelas XII'!C146 -> 15859 | D154: ='Kelas XII'!D146 -> AHMED TANGGUH MAULANA FIRDAUS
B155: =B154+1 -> 5 | C155: ='Kelas XII'!C147 -> 15894 | D155: ='Kelas XII'!D147 -> ANTONI BAYU PRASETYO
B156: =B155+1 -> 6 | C156: ='Kelas XII'!C148 -> 15827 | D156: ='Kelas XII'!D148 -> ARIF KURNIAWAN
B157: =B156+1 -> 7 | C157: ='Kelas XII'!C149 -> 15895 | D157: ='Kelas XII'!D149 -> AZRI HAZIQ KAMIL
B158: =B157+1 -> 8 | C158: ='Kelas XII'!C150 -> 15829 | D158: ='Kelas XII'!D150 -> AZZAM NAUFAL PRADIPTA DUSTIN ARY WIBOWO
B159: =B158+1 -> 9 | C159: ='Kelas XII'!C151 -> 15830 | D159: ='Kelas XII'!D151 -> DAFFA ADIB FADHLURRAHMAN
B160: =B159+1 -> 10 | C160: ='Kelas XII'!C152 -> 15865 | D160: ='Kelas XII'!D152 -> FARHAN AFIF ADIANSYAH
B161: =B160+1 -> 11 | C161: ='Kelas XII'!C153 -> 15898 | D161: ='Kelas XII'!D153 -> FATHURROHMAN
B162: =B161+1 -> 12 | C162: ='Kelas XII'!C154 -> 15899 | D162: ='Kelas XII'!D154 -> HASBI FATURROHMAN
B163: =B162+1 -> 13 | C163: ='Kelas XII'!C155 -> 16077 | D163: ='Kelas XII'!D155 -> KINZA ALHAM PURWADI
... B187: =B186+1 -> 37 | C187: ='Kelas XII'!C179 -> 0 | D187: ='Kelas XII'!D179 -> 0
D190: DAFTAR NAMA SISWA - SISWI
D191: SMA A. WAHID HASYIM TEBUIRENG JOMBANG
D192: TAHUN PELAJARAN : 2026- 2027
D194: KELAS : XII .5 | E194: Bulan : __________________________ | AA194: Wali Kelas : | AC194: ACHMAD FAUZI, M.Pd
B195: NOMOR | D195: NAMA
B196: URUT | C196: N I S | E196: =E8 -> 17 | G196: =E196+1 -> 18 | I196: =G196+1 -> 19 | K196: =I196+1 -> 20 | M196: =K196+1 -> 21 | O196: =M196+1 -> 22 | Q196: =O196+1 -> 23 | S196: =Q196+1 -> 24 | U196: =S196+1 -> 25 | W196: =U196+1 -> 26 | Y196: =W196+1 -> 27 | AA196: =Y196+1 -> 28 | AC196: =AA196+1 -> 29 | AE196: =AC196+1 -> 30 | AG196: =AE196+1 -> 31 | AI196: =AG196+1 -> 32
E197: jam ke 1 | F197: jam ke 5 | G197: jam ke 1 | H197: jam ke 5 | I197: jam ke 1 | J197: jam ke 5 | K197: jam ke 1 | L197: jam ke 5 | M197: jam ke 1 | N197: jam ke 5 | O197: jam ke 1 | P197: jam ke 5 | Q197: jam ke 1 | R197: jam ke 5 | S197: jam ke 1 | T197: jam ke 5 | U197: jam ke 1 | V197: jam ke 5 | W197: jam ke 1 | X197: jam ke 5 | Y197: jam ke 1 | Z197: jam ke 5 | AA197: jam ke 1 | AB197: jam ke 5 | AC197: jam ke 1 | AD197: jam ke 5 | AE197: jam ke 1 | AF197: jam ke 5 | AG197: jam ke 1 | AH197: jam ke 5 | AI197: jam ke 1 | AJ197: jam ke 5
B198: 1 | C198: ='Kelas XII'!C187 -> 16020 | D198: ='Kelas XII'!D187 -> ADINDA BILQIST AINIYA FURHA
B199: =B198+1 -> 2 | C199: ='Kelas XII'!C188 -> 16046 | D199: ='Kelas XII'!D188 -> AFIFAH NUR FADHILAH
B200: =B199+1 -> 3 | C200: ='Kelas XII'!C189 -> 16021 | D200: ='Kelas XII'!D189 -> AFINA SAVA RUSYDA
B201: =B200+1 -> 4 | C201: ='Kelas XII'!C190 -> 15962 | D201: ='Kelas XII'!D190 -> AISYAH CITRA ANGEL
B202: =B201+1 -> 5 | C202: ='Kelas XII'!C191 -> 16024 | D202: ='Kelas XII'!D191 -> AMANTA IBTISAM ERIAN MUMTAZ
B203: =B202+1 -> 6 | C203: ='Kelas XII'!C192 -> 16025 | D203: ='Kelas XII'!D192 -> AQILA
B204: =B203+1 -> 7 | C204: ='Kelas XII'!C193 -> 16026 | D204: ='Kelas XII'!D193 -> AQILA FARASA KHANZA JA'CUB
B205: =B204+1 -> 8 | C205: ='Kelas XII'!C194 -> 15964 | D205: ='Kelas XII'!D194 -> ASIAH NAZMIN LATHIFAH HAMID
B206: =B205+1 -> 9 | C206: ='Kelas XII'!C195 -> 15965 | D206: ='Kelas XII'!D195 -> AULIA RESTY INDIERA PUTRI
...
